MOBILE;1;NAVIRE;3;52
MOBILE;2;NAVIRE;8;60
MOBILE;3;NAVIRE;2;38
MOBILE;4;NAVIRE;11;17
MOBILE;5;PERSONNAGE;7;28
MOBILE;6;PERSONNAGE;7;5
MOBILE;7;PERSONNAGE;18;22
MOBILE;8;PERSONNAGE;22;35
MOBILE;9;PERSONNAGE;26;50
MOBILE;10;PERSONNAGE;18;55

ACTION;1;DEPLACEMENT;0;1
ACTION;1;DEPLACEMENT;0;1
ACTION;1;DEPLACEMENT;0;1
ACTION;1;DEPLACEMENT;0;1
ACTION;1;DEPLACEMENT;1;0
ACTION;1;DEPLACEMENT;1;0
ACTION;1;DEPLACEMENT;1;0
ACTION;1;DEPLACEMENT;0;-1
ACTION;1;DEPLACEMENT;0;-1
ACTION;1;DEPLACEMENT;0;-1
ACTION;1;DEPLACEMENT;0;-1
ACTION;1;DEPLACEMENT;-1;0
ACTION;1;DEPLACEMENT;-1;0
ACTION;1;DEPLACEMENT;-1;0

ACTION;2;DEPLACEMENT;0;-1
ACTION;2;DEPLACEMENT;0;-1
ACTION;2;DEPLACEMENT;0;-1
ACTION;2;DEPLACEMENT;1;0
ACTION;2;DEPLACEMENT;1;0
ACTION;2;DEPLACEMENT;1;0
ACTION;2;DEPLACEMENT;0;1
ACTION;2;DEPLACEMENT;0;1
ACTION;2;DEPLACEMENT;0;1
ACTION;2;DEPLACEMENT;-1;0
ACTION;2;DEPLACEMENT;-1;0
ACTION;2;DEPLACEMENT;-1;0

ACTION;3;DEPLACEMENT;0;1
ACTION;3;DEPLACEMENT;0;1
ACTION;3;DEPLACEMENT;0;1
ACTION;3;DEPLACEMENT;1;0
ACTION;3;DEPLACEMENT;1;0
ACTION;3;DEPLACEMENT;0;-1
ACTION;3;DEPLACEMENT;0;-1
ACTION;3;DEPLACEMENT;0;-1
ACTION;3;DEPLACEMENT;-1;0
ACTION;3;DEPLACEMENT;-1;0

ACTION;4;DEPLACEMENT;0;1
ACTION;4;DEPLACEMENT;0;1
ACTION;4;DEPLACEMENT;0;1
ACTION;4;DEPLACEMENT;1;0
ACTION;4;DEPLACEMENT;1;0
ACTION;4;DEPLACEMENT;0;-1
ACTION;4;DEPLACEMENT;0;-1
ACTION;4;DEPLACEMENT;0;-1
ACTION;4;DEPLACEMENT;-1;0
ACTION;4;DEPLACEMENT;-1;0

ACTION;5;DEPLACEMENT;0;1
ACTION;5;DEPLACEMENT;0;1
ACTION;5;DEPLACEMENT;1;0
ACTION;5;DEPLACEMENT;1;0
ACTION;5;DEPLACEMENT;0;-1
ACTION;5;DEPLACEMENT;0;-1
ACTION;5;DEPLACEMENT;-1;0
ACTION;5;DEPLACEMENT;-1;0

ACTION;6;DEPLACEMENT;0;1
ACTION;6;DEPLACEMENT;0;-1

ACTION;7;DEPLACEMENT;0;1
ACTION;7;DEPLACEMENT;0;1
ACTION;7;DEPLACEMENT;0;1
ACTION;7;DEPLACEMENT;1;0
ACTION;7;DEPLACEMENT;1;0
ACTION;7;DEPLACEMENT;0;-1
ACTION;7;DEPLACEMENT;0;-1
ACTION;7;DEPLACEMENT;0;-1
ACTION;7;DEPLACEMENT;-1;0
ACTION;7;DEPLACEMENT;-1;0

ACTION;8;DEPLACEMENT;0;1
ACTION;8;DEPLACEMENT;0;1
ACTION;8;DEPLACEMENT;0;1
ACTION;8;DEPLACEMENT;1;0
ACTION;8;DEPLACEMENT;1;0
ACTION;8;DEPLACEMENT;0;-1
ACTION;8;DEPLACEMENT;0;-1
ACTION;8;DEPLACEMENT;0;-1
ACTION;8;DEPLACEMENT;-1;0
ACTION;8;DEPLACEMENT;-1;0

ACTION;9;DEPLACEMENT;0;1
ACTION;9;DEPLACEMENT;0;1
ACTION;9;DEPLACEMENT;1;0
ACTION;9;DEPLACEMENT;1;0
ACTION;9;DEPLACEMENT;0;-1
ACTION;9;DEPLACEMENT;0;-1
ACTION;9;DEPLACEMENT;-1;0
ACTION;9;DEPLACEMENT;-1;0

ACTION;10;DEPLACEMENT;0;-1
ACTION;10;DEPLACEMENT;0;-1
ACTION;10;DEPLACEMENT;1;0
ACTION;10;DEPLACEMENT;1;0
ACTION;10;DEPLACEMENT;0;1
ACTION;10;DEPLACEMENT;0;1
ACTION;10;DEPLACEMENT;-1;0
ACTION;10;DEPLACEMENT;-1;0