MOBILE;1;NAVIRE;5;15
MOBILE;2;NAVIRE;15;14
MOBILE;3;NAVIRE;5;45
MOBILE;4;NAVIRE;12;50
MOBILE;5;NAVIRE;3;8
MOBILE;6;NAVIRE;28;19
MOBILE;7;PERSONNAGE;12;32
MOBILE;8;PERSONNAGE;13;29
MOBILE;9;PERSONNAGE;18;35
MOBILE;10;PERSONNAGE;22;30
MOBILE;11;PERSONNAGE;28;35
MOBILE;12;PERSONNAGE;30;42
MOBILE;13;PERSONNAGE;21;2

ACTION;1;DEPLACEMENT;0;1
ACTION;1;DEPLACEMENT;0;1
ACTION;1;DEPLACEMENT;0;1
ACTION;1;DEPLACEMENT;0;1
ACTION;1;DEPLACEMENT;1;0
ACTION;1;DEPLACEMENT;1;0
ACTION;1;DEPLACEMENT;1;0
ACTION;1;DEPLACEMENT;0;-1
ACTION;1;DEPLACEMENT;0;-1
ACTION;1;DEPLACEMENT;0;-1
ACTION;1;DEPLACEMENT;0;-1
ACTION;1;DEPLACEMENT;-1;0
ACTION;1;DEPLACEMENT;-1;0
ACTION;1;DEPLACEMENT;-1;0

ACTION;2;DEPLACEMENT;1;0
ACTION;2;DEPLACEMENT;1;0
ACTION;2;DEPLACEMENT;1;0
ACTION;2;DEPLACEMENT;1;0
ACTION;2;DEPLACEMENT;0;1
ACTION;2;DEPLACEMENT;0;1
ACTION;2;DEPLACEMENT;0;1
ACTION;2;DEPLACEMENT;-1;0
ACTION;2;DEPLACEMENT;-1;0
ACTION;2;DEPLACEMENT;-1;0
ACTION;2;DEPLACEMENT;-1;0
ACTION;2;DEPLACEMENT;0;-1
ACTION;2;DEPLACEMENT;0;-1
ACTION;2;DEPLACEMENT;0;-1

ACTION;3;DEPLACEMENT;0;1
ACTION;3;DEPLACEMENT;0;1
ACTION;3;DEPLACEMENT;0;1
ACTION;3;DEPLACEMENT;0;1
ACTION;3;DEPLACEMENT;1;0
ACTION;3;DEPLACEMENT;1;0
ACTION;3;DEPLACEMENT;1;0
ACTION;3;DEPLACEMENT;0;-1
ACTION;3;DEPLACEMENT;0;-1
ACTION;3;DEPLACEMENT;0;-1
ACTION;3;DEPLACEMENT;0;-1
ACTION;3;DEPLACEMENT;-1;0
ACTION;3;DEPLACEMENT;-1;0
ACTION;3;DEPLACEMENT;-1;0

ACTION;4;DEPLACEMENT;1;0
ACTION;4;DEPLACEMENT;1;0
ACTION;4;DEPLACEMENT;1;0
ACTION;4;DEPLACEMENT;0;-1
ACTION;4;DEPLACEMENT;0;-1
ACTION;4;DEPLACEMENT;0;-1
ACTION;4;DEPLACEMENT;0;-1
ACTION;4;DEPLACEMENT;-1;0
ACTION;4;DEPLACEMENT;-1;0
ACTION;4;DEPLACEMENT;-1;0
ACTION;4;DEPLACEMENT;0;1
ACTION;4;DEPLACEMENT;0;1
ACTION;4;DEPLACEMENT;0;1
ACTION;4;DEPLACEMENT;0;1

ACTION;5;DEPLACEMENT;0;1
ACTION;5;DEPLACEMENT;0;1
ACTION;5;DEPLACEMENT;0;1
ACTION;5;DEPLACEMENT;1;0
ACTION;5;DEPLACEMENT;1;0
ACTION;5;DEPLACEMENT;1;0
ACTION;5;DEPLACEMENT;0;-1
ACTION;5;DEPLACEMENT;0;-1
ACTION;5;DEPLACEMENT;0;-1
ACTION;5;DEPLACEMENT;-1;0
ACTION;5;DEPLACEMENT;-1;0
ACTION;5;DEPLACEMENT;-1;0

ACTION;6;DEPLACEMENT;0;1
ACTION;6;DEPLACEMENT;0;1
ACTION;6;DEPLACEMENT;-1;0
ACTION;6;DEPLACEMENT;-1;0
ACTION;6;DEPLACEMENT;0;-1
ACTION;6;DEPLACEMENT;0;-1
ACTION;6;DEPLACEMENT;1;0
ACTION;6;DEPLACEMENT;1;0

ACTION;7;DEPLACEMENT;0;1
ACTION;7;DEPLACEMENT;1;0
ACTION;7;DEPLACEMENT;0;-1
ACTION;7;DEPLACEMENT;-1;0

ACTION;8;DEPLACEMENT;0;1
ACTION;8;DEPLACEMENT;1;0
ACTION;8;DEPLACEMENT;0;-1
ACTION;8;DEPLACEMENT;-1;0

ACTION;9;DEPLACEMENT;0;1
ACTION;9;DEPLACEMENT;0;1
ACTION;9;DEPLACEMENT;1;0
ACTION;9;DEPLACEMENT;0;-1
ACTION;9;DEPLACEMENT;0;-1
ACTION;9;DEPLACEMENT;-1;0

ACTION;10;DEPLACEMENT;0;1
ACTION;10;DEPLACEMENT;0;1
ACTION;10;DEPLACEMENT;1;0
ACTION;10;DEPLACEMENT;1;0
ACTION;10;DEPLACEMENT;0;-1
ACTION;10;DEPLACEMENT;0;-1
ACTION;10;DEPLACEMENT;-1;0
ACTION;10;DEPLACEMENT;-1;0

ACTION;11;DEPLACEMENT;0;1
ACTION;11;DEPLACEMENT;0;1
ACTION;11;DEPLACEMENT;0;1
ACTION;11;DEPLACEMENT;1;0
ACTION;11;DEPLACEMENT;1;0
ACTION;11;DEPLACEMENT;0;-1
ACTION;11;DEPLACEMENT;0;-1
ACTION;11;DEPLACEMENT;0;-1
ACTION;11;DEPLACEMENT;-1;0
ACTION;11;DEPLACEMENT;-1;0

ACTION;12;DEPLACEMENT;0;-1
ACTION;12;DEPLACEMENT;0;-1
ACTION;12;DEPLACEMENT;1;0
ACTION;12;DEPLACEMENT;1;0
ACTION;12;DEPLACEMENT;0;1
ACTION;12;DEPLACEMENT;0;1
ACTION;12;DEPLACEMENT;-1;0
ACTION;12;DEPLACEMENT;-1;0

ACTION;13;DEPLACEMENT;1;0
ACTION;13;DEPLACEMENT;1;0
ACTION;13;DEPLACEMENT;-1;0
ACTION;13;DEPLACEMENT;-1;0