MOBILE;1;NAVIRE;3;2;793;1066
MOBILE;2;NAVIRE;15;2;793;1066
MOBILE;3;NAVIRE;25;2;793;1066
MOBILE;4;NAVIRE;20;9;793;1066
MOBILE;5;PERSONNAGE;11;14;793;1066
MOBILE;6;PERSONNAGE;22;13;793;1066
MOBILE;7;PERSONNAGE;15;30;830;1066
MOBILE;8;PERSONNAGE;28;33;830;1066
MOBILE;9;PERSONNAGE;10;52;874;1066
MOBILE;10;PERSONNAGE;20;52;900;1066
MOBILE;11;PERSONNAGE;5;28;793;1066
MOBILE;12;PERSONNAGE;5;52;874;1066

ACTION;1;DEPLACEMENT;1;0
ACTION;1;DEPLACEMENT;1;0
ACTION;1;DEPLACEMENT;1;0
ACTION;1;DEPLACEMENT;1;0
ACTION;1;DEPLACEMENT;1;0
ACTION;1;DEPLACEMENT;-1;0
ACTION;1;DEPLACEMENT;-1;0
ACTION;1;DEPLACEMENT;-1;0
ACTION;1;DEPLACEMENT;-1;0
ACTION;1;DEPLACEMENT;-1;0

ACTION;2;DEPLACEMENT;1;0
ACTION;2;DEPLACEMENT;1;0
ACTION;2;DEPLACEMENT;1;0
ACTION;2;DEPLACEMENT;1;0
ACTION;2;DEPLACEMENT;0;1
ACTION;2;DEPLACEMENT;0;1
ACTION;2;DEPLACEMENT;-1;0
ACTION;2;DEPLACEMENT;-1;0
ACTION;2;DEPLACEMENT;-1;0
ACTION;2;DEPLACEMENT;-1;0
ACTION;2;DEPLACEMENT;0;-1
ACTION;2;DEPLACEMENT;0;-1

ACTION;3;DEPLACEMENT;0;1
ACTION;3;DEPLACEMENT;0;1
ACTION;3;DEPLACEMENT;0;1
ACTION;3;DEPLACEMENT;1;0
ACTION;3;DEPLACEMENT;1;0
ACTION;3;DEPLACEMENT;0;-1
ACTION;3;DEPLACEMENT;0;-1
ACTION;3;DEPLACEMENT;0;-1
ACTION;3;DEPLACEMENT;-1;0
ACTION;3;DEPLACEMENT;-1;0

ACTION;4;DEPLACEMENT;1;0
ACTION;4;DEPLACEMENT;1;0
ACTION;4;DEPLACEMENT;-1;0
ACTION;4;DEPLACEMENT;-1;0

ACTION;5;DEPLACEMENT;0;1
ACTION;5;DEPLACEMENT;1;0
ACTION;5;DEPLACEMENT;0;-1
ACTION;5;DEPLACEMENT;-1;0

ACTION;6;DEPLACEMENT;0;1
ACTION;6;DEPLACEMENT;1;0
ACTION;6;DEPLACEMENT;0;-1
ACTION;6;DEPLACEMENT;-1;0

ACTION;7;DEPLACEMENT;0;1
ACTION;7;DEPLACEMENT;0;1
ACTION;7;DEPLACEMENT;0;1
ACTION;7;DEPLACEMENT;1;0
ACTION;7;DEPLACEMENT;1;0
ACTION;7;DEPLACEMENT;0;-1
ACTION;7;DEPLACEMENT;0;-1
ACTION;7;DEPLACEMENT;0;-1
ACTION;7;DEPLACEMENT;-1;0
ACTION;7;DEPLACEMENT;-1;0

ACTION;8;DEPLACEMENT;0;1
ACTION;8;DEPLACEMENT;0;1
ACTION;8;DEPLACEMENT;0;1
ACTION;8;DEPLACEMENT;1;0
ACTION;8;DEPLACEMENT;0;-1
ACTION;8;DEPLACEMENT;0;-1
ACTION;8;DEPLACEMENT;0;-1
ACTION;8;DEPLACEMENT;-1;0

ACTION;9;DEPLACEMENT;0;1
ACTION;9;DEPLACEMENT;0;1
ACTION;9;DEPLACEMENT;0;1
ACTION;9;DEPLACEMENT;1;0
ACTION;9;DEPLACEMENT;1;0
ACTION;9;DEPLACEMENT;0;-1
ACTION;9;DEPLACEMENT;0;-1
ACTION;9;DEPLACEMENT;0;-1
ACTION;9;DEPLACEMENT;-1;0
ACTION;9;DEPLACEMENT;-1;0

ACTION;10;DEPLACEMENT;0;1
ACTION;10;DEPLACEMENT;0;1
ACTION;10;DEPLACEMENT;1;0
ACTION;10;DEPLACEMENT;1;0
ACTION;10;DEPLACEMENT;0;-1
ACTION;10;DEPLACEMENT;0;-1
ACTION;10;DEPLACEMENT;-1;0
ACTION;10;DEPLACEMENT;-1;0
ACTION;11;DEPLACEMENT;0;1
ACTION;11;DEPLACEMENT;0;1
ACTION;11;DEPLACEMENT;1;0
ACTION;11;DEPLACEMENT;0;-1
ACTION;11;DEPLACEMENT;0;-1
ACTION;11;DEPLACEMENT;-1;0
ACTION;12;DEPLACEMENT;0;1
ACTION;12;DEPLACEMENT;0;1
ACTION;12;DEPLACEMENT;1;0
ACTION;12;DEPLACEMENT;0;-1
ACTION;12;DEPLACEMENT;0;-1
ACTION;12;DEPLACEMENT;-1;0